,text
0,ğŸ”¥
1,
2,Los niÃ±os sÃºper felices y divertidos ğŸ˜‚ğŸ‘ğŸ™Œ
3,"QuÃ© bonito!ğŸ‘ pero una pregunta Â¿habrÃ¡ alguna vez algÃºn giveaway fuera del Ã¡rea de San Pedro? Tipo en Apodaca, JuÃ¡rez, San NicolÃ¡s o son exclusivamente sampetrinos ğŸ¤”"
4,"Jajaja, con la inflaciÃ³n tal vez esa niÃ±a en unos 40 aÃ±os sÃ­ estÃ© ganando un millÃ³n al mes"
5,quÃ© ternuraaaaaa ğŸ˜­
6,ğŸ˜ğŸ˜ğŸ˜ğŸ˜
7,$300 ğŸ˜‚ jajaja ğŸ˜…ğŸ˜…ğŸ˜…
8,"Contemplen que los niÃ±os no tienen gastos, si lo toman como utilidad neta $1000 pesos estÃ¡ bastante bien ğŸ‘Œ jaja"
9,hermosos!ğŸ˜­ğŸ©·ğŸ©·ğŸ’™
10,Me mueroooooğŸ˜
11,Yo si ganÃ³ eso que dicen los primeros niÃ±os pero lo malo es que no estoy en KidZania jaja
12,Me avisan cuando se gradÃºen para hacer negocios
13,@_karinaguilera JAJAJAJA
14,ğŸ˜‚ğŸ˜‚ğŸ˜‚
15,CÃ³mo no los conocen yo me supe todas excepto la Ãºltima ğŸ˜‚ğŸ˜‚ğŸ˜‚
16,Si hubiera contestado â€œcorrrrrajeâ€ la chava no le hubiera entendido.
17,"- â€œLa veÃ­a de chiquitoâ€
MoisÃ©s, 4 aÃ±os."
18,"Gracias me siento super viejo, tendrÃ© que ir a akamba ni modo"
19,Yo solo conozco a Barnie y a coraje los demÃ¡s ni idea de donde salieron jajaja
20,Gorge el jugoso
21,"""se llama Barney, Barney, es un dinosaurio"" **que vive en nuestra mente**"
22,CÃ³mo unos niÃ±os humillaron a los adolescentes ğŸ˜‚
23,"Estos niÃ±os no tuvieron infancia, como que Teletubbies!!!!????"
24,La niÃ±a del inicio estaba en mi primariaaaa
25,ğŸ¤¡ jajaja
26,CÃ³mo que ya no conocen a Pablo de los backyardigans? ğŸ˜­
27,Como que no sabe quien es coraje!
28,JAJAJAJAJA
29,ğŸ‡ªğŸ‡¸
30,Porque es sÃºper fÃ¡cil ahorrar!!
31,Hey acciones â¤ï¸
32,â¤ï¸
33,por la inversiÃ³n del 13% ğŸ’¸ğŸ’¸ğŸ’¸ğŸ’¸
34,Es mÃ¡s tienda que banco
35,A caray!! @daniel_torijal quiÃ©n serÃ¡? @sebastianallv @saulallv
36,Este aÃ±o en Akamba voy a bailar hasta el amanecer con @_yashima_ ğŸ¦‹âœ¨ğŸ§šğŸ»
37,Este aÃ±o en akamba voy a disfrutarlo con @elsamvillarreal
38,Este aÃ±o en @akambamx voy a vivir el festival con @orlan_snz
39,Este aÃ±o en @akambamx voy a disfrutar el set de Sofi Tukker con @andrea__ponce_
40,Este aÃ±o en Akamba voy a tomarme unos shots con @icela.diaz.3 ğŸ˜
41,Este aÃ±o en @akambamx voy a disfrutar la mÃºsica y la compaÃ±Ã­a del amor de mi vida @luisarfit ğŸ’Ÿ
42,Este aÃ±o en Akamba voy a pistear mucho con @samanthagoib
43,Este aÃ±o en Akamba voy sentir la mÃºsica y disfrutar con @majo.mendezz
44,Este aÃ±o en Akamba voy a bailar con @andreamrqzf
45,"Este aÃ±o en @akambamx , voy a liberarme al ritmo de la mÃºsica con mi hermana @karo_rdsma"
46,Este aÃ±o en Akamba voy a cantar latch con @tnta_flow ğŸ‘€
47,Este aÃ±o en Akamba voy a sumergirme en la energÃ­a Ãºnica de la mÃºsica en vivo con @fer_dlavega ğŸ”¥
48,Este aÃ±o en Akamba voy a liberar todas mis inhibiciones y entregarme por completo a la musica junto con @vzlayayo ğŸ”¥
49,Este aÃ±o en AKAMBA voy a pasÃ¡rmela de huevos con @mafferml
50,este aÃ±o en Akamba voy a bailar con @adalizlara1
51,Adorno crazy para bailar @galilea_garcia
52,Aventuraaa @tere__martinez ğŸƒ
53,AlegrÃ­a ğŸ«§ğŸ«§ğŸ«§@ivannacotera_
54,Akamba outfit ğŸ’— @anelorza
55,A mi animal espiritual @ralf_dimitrova ğŸ™ğŸ¼ JAJAJJAJA
56,Aura lindaaaa @pilar.osr
57,AlegrÃ­aaaa @liiz_lz
58,Anteojos para el soool @svetlan_8
59,Aura positivaaa @yaquelin_rama_ â˜€ï¸
60,Alcohoool (comprar en el festival obvio) @xoo_garcianails
61,Amoooor una buena sesiÃ³n de @botanicsessions ğŸª¬
62,Amuletooo bellÃ­simo ğŸª¬ @anni_martinez68
63,Atuendo increÃ­ble @alo_hernandez20 ğŸ¤
64,Amigos para bailar @alejndroo__
65,Anteojos cool obviooo @alan.rivas.1 ğŸ˜›
66,Ya quitaron lo del 13% a 30 dÃ­as o sigue vigente pero sÃ³lo se puede en dos inversiones?
67,Recarga telefÃ³nica
68,Te ofrecen un porcentaje de 13% y al aperturar te dan solo el 8%
69,"Ninguna, ya no los ocupo, ya perdieron sus atractivos"
70,La luz ğŸ˜”
71,ğŸ”¥ cuidado!!! Son albitrarios. Te disminuye el porcentaje de inversiÃ³n sin previo aviso.
72,ğŸ‘
73,â¤ï¸
74,Boleto de tren
75,"ğŸ˜¡ğŸ˜¡ğŸ˜¡No lo recomiendo, la aplicaciÃ³n falla y tienen unos procesos muy extraÃ±os, me bloquearon por error mi usuario, me pidieron fotos, una carta y ahora quieren que hable de mi celular registrado, parece broma ğŸ˜¡ğŸ˜¡ğŸ˜¡"
76,"Cuidado ğŸ”¥ no importa si cumples con los requisitos, no respetan los % de inversiÃ³n, ni te dan las famosas hey coins"
77,"Y ademÃ¡s, se puede invertir en acciones"
78,ğŸ‘ğŸ‘ğŸ½
79,Como puedo hacer para que me contesten en el correo? Llevo mas de un mes esperando una soluciÃ³n.
80,Y ademÃ¡s borran los comentarios de sus dinÃ¡micas fraudulentas y bloquean los comentarios en su nuevo post de dinÃ¡micas fraudulentas para que no les tiren el negocio
81,Ir a ver a MenssiğŸ˜‚ğŸ˜‚ğŸ˜‚ ni que fuera CR7!!!!
82,QuÃ© envidia con Maria ğŸ˜©
83,Saben el ig de la chica?
84,Rayada desde que nacÃ­ HAHAHAHAHAHA
85,Muchos de los que criticaban a Ãngela Aguilar ahora fueron a ver a Messi. ğŸ˜‚
86,Cumple el mismo dÃ­a que yo ğŸ™Œ
87,Y toso pr verlo no jugar para dejarles ganar a Rayados
88,Puros niÃ±os siguen a MessiğŸ˜‚
89,Orale ğŸ˜ğŸ˜
90,"A mÃ­ me castraba que por ejemplo yo soy rayada yo voy a ver a los Rayados y la gente me dijera a de seguro nada mÃ¡s vas a ver Messi, prefiero a Messi que a Ronaldo pero Messi no es el centro del universo."
91,"QuÃ© onda esa entrevista estÃ¡s en Monterrey en el estadio ğŸŸï¸ de mis @rayados de toda la vida, en uno de los mejores estados de toda la RepÃºblica mexicana, va a jugar rayados para pasar de eliminatoria y la morra pregunta que cuÃ¡nto te costo ir a ver a menssi, eso que al gigante de hacerlo se va a ver a rayados no al enano..! Arriba Monterrey en vida y en la cancha"
92,@isaibaratheon el primero morrilloğŸ˜‚ğŸ˜‚ğŸ˜‚ğŸ˜‚ğŸ˜‚
93,@karlosabascal sales!!! Ejeje
94,@karenietos te pareces a la chava q entrevista jaja
95,@xavierab13 y tu bien bara jajaja
96,Hola! Ya no tendrÃ¡n la de metal?
97,La tarjeta de cassete!!! Yo quiero una
98,Â¿Desde cuÃ¡ndo sacaron colores tan lindos? Ays âœ¨ Ya me dieron ganas de cambiar la mÃ­a ğŸ¤­
99,"La tarjeta de cassete!, como se consigue?"
100,Quiero la tarjeta del cassette!!! ğŸ˜¢ğŸ˜¢ğŸ˜¢
101,ğŸ˜‚ğŸ˜‚ğŸ˜‚
102,ğŸ˜‚ğŸ˜‚ğŸ˜‚ğŸ˜‚
103,
104,Saludos a AngÃ©lica Guajardo haciendo si cameo
105,"Agreguen la tarjeta de cassete a poderla pedir en lÃ­nea, soy de Tijuana y no hay tienda fÃ­sica acÃ¡ ğŸ˜¿"
106,Ta bueno el vÃ­deo.
107,La vaselina ğŸ¤£ğŸ¤£ğŸ¤£ğŸ¤£ğŸ˜˜
108,Yo quiero mis tarjetas nuevas y nunca hay nadie en en el mÃ³dulo de paseo la fe ğŸ™„
109,No me gusta Hey. Sus tarjetas bien bonitas pero su app bien fea.
110,@heybanco la tarjeta metal ya se puede pedir â€¦ normal o estÃ¡ aÃºn con requisitos (de sorteos y asÃ­ )
111,"Esa no es la Huasteca Potosina, es Huasca de Ocampo en Hidalgo"
112,"Es Huasca ,Hgo, no la Huasteca Potosina"
113,"LÃ¡grimas de alegrÃ­a se apoderan de mi corazÃ³n al saber lo duro que he luchado para liberarme de mis deudas, nunca quise hacer esto, pero serÃ© culpable si no comparto esta buena noticia con ustedes, Sr. Herick Richard, es el mejor comerciante de todos los tiempos y lo harÃ¡. alguna vez, gracias por ayudar a mi familia #_mrherickrichard"
114,ese punto medio pendiente â˜ºï¸
115,Huasteca potosina a caray
116,Huasca* Hidalgo
117,"Jajajaja se equivocaron , no es Huasteca, es HUASCA y es Hidalgo no CdMxğŸ˜…ğŸ¤£ğŸ˜…ğŸ¤£"
118,No es CDMX es Hidalgo...
119,@luis_amaury98 mcallen vol2
120,@_fanyaguilar_
121,"El sistema esta super roto xd
Segun ya estaba validada mi cuenta, cambie de celular y me pidiÃ³ validar de nuevo, hice todo el proceso para que al final no hiciera nada y me sigue pidiendo que valide, ahora ya no puedo usar la aplicaciÃ³n por lo tanto ya no puedo usar el banco XD, cero eficiencia."
122,Â¿Cuando volverÃ¡ la tarjeta metÃ¡lica? ğŸ˜¢ğŸ™Œâ¤ï¸
123,"Tarjeta metÃ¡lica, cuando estarÃ¡ disponible?"
124,Hi
125,"Para mÃ­, una muy buena opciÃ³n de banco. Pero @heybanco Â¿para cuÃ¡ndo los apartados?"
126,Como cuando se ganan mÃ¡s cosas y hay mÃ¡s dinÃ¡micas para gente de Monterrey que de mÃ¡s ciudades!
127,Las dinamicas no deberian ser exclusivas de pal norte donde nos dejan a los demas quienes si aportamos $$$ en ahorros ğŸ˜ğŸ˜ğŸ˜
128,Una vez mÃ¡s quedando ğŸ˜„
129,Como participabas?
130,Vlv y yo que ya lo habÃ­a decretado ğŸ˜‚ğŸ˜«
131,AHHHHHHHHHHH
132,No ganÃ© ğŸ˜¢
133,Me forme hora y media y me lleve una bolsa ğŸ˜’
134,ğŸ˜¢ğŸ˜¢ğŸ˜¢ğŸ˜¢ğŸ˜¢
135,Buuuuuu
136,ğŸ˜¢ğŸ˜¢
137,Pipipipipi
138,@compare_tachita No ganamos haha
139,Mi nos ganamos el carro amore @acnologia_s13 ğŸ˜¢
140,Gracias por nada @josh_medrano ğŸ˜¢ğŸ˜‚ğŸ˜‚
141,Su activaciÃ³n was on fire ğŸ”¥ la amÃ© ğŸ˜amo lo colorida y atractiva que es su publicidad! Entre hologrÃ¡fico y brillos no sÃ© la amÃ©!!!
142,Se la rifan los de marketing de hey banco ğŸ”¥ğŸ‘ğŸ˜
143,QUEDÃ“ INCREÃBLE âœ¨ğŸ’™ğŸ’™
144,â¤ï¸
145,ğŸ˜ğŸ˜ğŸ˜
146,Wow! ğŸ˜ğŸ˜ğŸ˜
147,Donde puedo conseguir esas tshirts de Hey? O con hey coins?
148,ğŸ‘ğŸ‘ğŸ‘
149,ğŸ”¥ğŸ”¥
150,Les ayudo con el color grading.
151,ğŸ”¥ğŸ’¿ğŸ¦âœ¨
152,si me emocione
153,HeyğŸ˜ğŸ˜ğŸ˜
154,la @stefyydiaz y yo robando camara
155,@kamilagmoon ahÃ­ sales
156,Por que tardan tanto en resolver un doble cobro que su sistema pedorro realizo y amazon ya emitiÃ³ la carta que ellos solo recibieron un pago?
157,"De nada sirve el seguro contra fraude, estafa etc , no te regresan mi mergas todo sale improcedente no lo recomendÃ³ para nada eso"
158,"No me acepta mi identificaciÃ³n en la app para validar mi cuenta, Â¿hay algÃºn sitio al que pueda acudir en CDMX para recibir ayuda? Ni pasaporte ni INE y ambos estÃ¡n vigentes ğŸ˜¢"
159,"Super mal banco, antes operaban mejor. Ahora dejan mucho que desear."
160,"Saben cuando estara disponible la tarjeta de Metal?, por lo de que es muy limitada y se agota estoy revisando de vez en cuando, pero me seria mas eficiente revisar activamente pero en la fecha que va estar disponible"
161,No estÃ¡ nebula ni la metÃ¡lica en la app ğŸ˜¢
162,CuÃ¡l es la tarjeta de metal?
163,â¤ğŸ”¥
164,Puedo aperturar solo con el curp
165,Piensan manifestarse sobre los problemas con Spei en su App ? No se puede hacer ningÃºn movimiento
166,Dan crÃ©dito de auto para Tabasco?
167,Esta fallando la app ğŸ˜¡
168,ğŸ‘
169,@fernandagreyes @ximeenacaastro spotted ğŸ˜ğŸ˜
170,ğŸ’ªğŸ»ğŸ’ªğŸ»ğŸ’ªğŸ»
171,ğŸ”¥ğŸ”¥ğŸ”¥ğŸ”¥
172,ğŸ™Œ
173,Hay retrasos en las trasferencias SPEI?
174,Que bonito
175,.
176,Oigan y los 150 los de cuentas nuevas cuÃ¡ndo caen? Hice todos los registros en el festival y en la app
177,Quiero una bolsa metÃ¡lica no me la saquÃ©!!!
178,@valemontfort que hey banco sea eterno!!!!!!
179,"@heybanco ğŸ™‹ğŸ»â€â™€ï¸ pregunta: puede alguien sacar una cuenta de hey banco si no tiene rfc? O tiene q tener por fuerza? Porque referi a un amigo y le da un rfc en automÃ¡tico al momento de quererse registrar pero obvio no es ese rfc y tampoco tiene. Pregunto por aqui porque no tengo twiter y porque no se porque tienen pÃ©simo servicio por correo. Tardan mucho en contestar y la mayorÃ­a de las veces son respuestas automÃ¡ticas, no personalizadas. Creo q en eso deberÃ­an de mejorar el atenciÃ³n al cliente como el de otros bancos digitales"
180,@bernycasso ğŸ¥µğŸ¥µğŸ¥µ
181,@_uttopia
182,ğŸ˜ğŸ˜ğŸ˜ğŸ˜ğŸ˜ğŸ˜ Amamooos
183,Quiero invitar a Hey Banco a participar en un evento??? CÃ³mo puedo comunicarme con ustedes???
184,Hermoso ğŸ˜
185,Estuvo padrÃ­simo!
186,ğŸ”¥
187,ğŸ˜
188,â¤ğŸ™Œ
189,Salimos en el video @vickyvace uuuhhh!!!
190,Estuvo genial verdad @ileana.rochag ğŸ˜
191,ğŸ‘ğŸ‘ğŸ‘
192,@mariannbandaa la mas famosa! ğŸ™ŒğŸ»
193,Yaaa di que me lo gane ğŸ˜
194,ğŸ™Œâ¤ï¸
195,Los de CDMX como participamos? ğŸ˜µ
196,ğŸ”¥
197,Me interesa ğŸ‘ğŸ‘
198,"Uy un stinger, como se participa?"
199,ğŸ˜
200,Quien gano
201,Lo necesito ğŸ˜
202,ğŸ˜ğŸ˜ğŸ˜ğŸ˜ğŸ˜
203,ğŸ˜ğŸ˜ğŸ˜ğŸ˜ğŸ˜ğŸ˜ğŸ˜ğŸ˜
204,ğŸ€ğŸ¤ğŸ¼âœ¨
205,Requisitos???
206,"Una vez sin darme cuenta me dieron mil pesos, yo bien preocupado por saber quien me habÃ­a depositado por error, pero ya leei el correo, aÃºn asÃ­ gracias ğŸ˜‚"
207,Quien GanÃ³????
208,Que padre ğŸ‘a eso le llamo perseverancia y destino
209,"OjalÃ¡ hicieran la dinÃ¡mica tambiÃ©n hoy, participe en como 50 concursos y nada ğŸ˜­"
210,Es el 3
211,Wow ğŸ˜ğŸ‘ğŸ”¥
212,ğŸ¤©ğŸ¤©ğŸ¤©
213,"Porque nunca hacen esas cosas en Guadalajara y otros lugares, siempre Monterrey son los que mÃ¡s ganan o tienes mÃ¡s posibilidades ğŸ« ğŸ« ğŸ« ğŸ« "
214,"Vi cuando los chicos grababan a la morrita del sombrero! Son bien chidos, uno de ellos me ayudÃ³ a que pudiera llegar a mi acceso ğŸ”¥ 10 â­ï¸ a su equipo sÃºper amable"
215,ğŸ˜‚ excelentes dinÃ¡micas
216,ğŸ˜ğŸ˜ğŸ˜ğŸ˜
217,3
218,@juaanfriias
219,Quiero un ğŸ¤ 
220,ğŸ˜ğŸ˜ğŸ˜
221,Cuando entregan los premios que se ganaban con los tokens ? No me ha llegado nada a mi correo ğŸ¥¹
222,ğŸ”¥ estaban bien padres y los totes tamb
223,Y el cashless pa cuando?
224,Es cierto q va salir la hey metÃ¡lica otra ves?
225,"Necesito que alguien me venda un tote plateado de @heybanco de los premios que dieron plis! Estaban hermosos creo que fue de los regalos mÃ¡s rifados en las activaciones, amo su publicidad ğŸ”¥ yo querÃ­a uno ğŸ¥º"
226,Yo me quiero ganar algo!! ğŸ˜
227,El espacio Hey esta enfrente de la tienda oficial de @tecatepalnorte
228,Por donde estan?
229,DÃ³nde se ubican?
230,Horarios?
231,EntregarÃ¡n los premios que ganabas con los tokens ? Yo me ganÃ© unos audÃ­fonos y no se han contactado ğŸ˜”
232,"Apurenle ojetes , tengo una hora en la fila! Les regalo una tablet o que pedo?? Lentos"
233,@ruelas.97
234,MaÃ±ana de nuevo???? ğŸ˜¢ğŸ˜¢
235,YA RECORRÃ TODO EL PARQUE Y NO LOS VEO :)
236,Ya se fueron? :((((
237,Hasta las 8 ğŸ¥ºğŸ¥ºğŸ¥ºğŸ¥º
238,No los encuentro
239,Donde estÃ¡n?
240,Hasta a quÃ© horas?
241,Son boletos dobles?
242,Hola! Â¿DÃ³nde puedo hacer un depÃ³sito sin comisiÃ³n a una cuenta hey ?
243,No los encuentrooooo
244,ğŸ¤©ğŸ¤©ğŸ¤©
245,"Hey! No me llego mi constancia fiscal a mi correo, como puedo obtenerla????"
246,@nickolegushi
247,@elykitsh
248,@heybanco hola mandÃ© msj
249,asuuuuu que cool ğŸ˜
250,Hay algÃºn mensaje oculto??? ğŸ˜®
251,Luke combs
252,Vengo bien ilusionado Â¿Carin Leon?
253,Esa IA sÃ­ se deja ver
254,Lo amooo â¤
255,Taylor swift
256,Que me invite el perrito hey a ver a the warning
257,Carin leon jajaja
258,Carin leon
259,@familiapalnorte Â¿QuÃ© dicen? Â¿Invitan a Perrito Hey como headliner? ğŸ˜ğŸ¶
260,Nada mÃ¡s no me lo maltraten tanto por que me lo voy a ganar por favor !
261,Plaza LUA?
262,Vengan a saltillo
263,@nancygameza manda al seÃ±or dj por esos abonos bebe
264,Nada mÃ¡s Monterrey? O tambiÃ©n otro municipio?
265,ğŸ™ŒğŸ»ğŸ™ŒğŸ»ğŸ™ŒğŸ»
266,yo lo quierooooo
267,QuieroooooğŸ™Œ
268,a ponerme a buscar el auto hey!!!!
269,Vayan al aeropuertoooooo
270,Y CDMX
271,ya te extraÃ±Ã¡bamos Meche ğŸ˜­ğŸ˜­
272,Van a fundidora vdddğŸ˜­ğŸ˜­ğŸ˜­
273,@yudirh88
274,@soybutcher
275,WowwwwwğŸ™ŒğŸ™Œ
276,Donde es la fan shop?
277,QuÃ© increÃ­bleeeee ğŸ”¥
278,Tiene que ser tarjeta fÃ­sica?
279,ğŸ‘
280,Otra vezzz;(
281,Pueden hacer mÃ¡s actividades para CDMX porfis.
282,Me encanta!!! ğŸ”¥ğŸ”¥ğŸ”¥
283,Y en CDMX porque no?
284,Se puede con tarjeta digital? Jaja perdi la fÃ­sica apenas ğŸ¥²
285,Si soy Hey Fan puedo entrar al Ã¡rea de Hospitality?
286,Pongan otro lugar despuÃ©s de las 4pm ğŸ¥²
287,@heybanco hasta que hora estarÃ¡n ahÃ­ ?
288,@casschs
289,Vamos amor? @steveshito
290,DÃ³nde estarÃ¡ ubicado???
291,Donde estarÃ¡ ubicado? Mi esposa y yo somos FLANS ğŸ¥¸ğŸ˜
292,HabrÃ¡ cashless?
293,@diana_dimas
294,@ernestoquevedo
295,//ya quiero vernos os grandes rostros y cuerpos
296,Que emociÃ³n
297,Y las lesbianas???
298,La factorÃ­a check en palnorte ğŸ˜–ğŸ¤¦ğŸ»â€â™‚ï¸ ğŸ™ƒ
299,apoco cyyyy
300,Ealeeee ğŸ”¥ğŸ”¥ğŸ”¥
301,ğŸ¤©ğŸ¤©
302,ğŸ˜ğŸ˜ğŸ˜ğŸ˜ğŸ˜ğŸ˜
303,â¤â¤â¤â¤â¤â¤ğŸ˜ğŸ˜ğŸ˜ğŸ˜ğŸ˜
304,AMÃ‰ğŸ’‹
305,AquÃ­ estÃ¡ tu festival que tanto exiges @icharliie13 ğŸ¤­
306,Wooooow @humakyle @deseosfab y @juana_guadalupe_jgdj !!!!! ğŸ©µğŸ©·ğŸ’œğŸ‰ğŸ‰ğŸ‰ğŸ˜ğŸ˜ğŸ˜
307,@adriana_mad.ness vamos khaaaağŸ˜â¤
308,Mi amiga personal @mercuria.exe triunfando ğŸ”¥â¤
309,"wow, al fin verÃ© a mi patrona @isabellalovestory en vivo ğŸ›ğŸ¥¹"
310,Pero no ocupo ser fan ğŸ¤”
311,",,m, ,,"
312,cuando volveran a surtir la tienda heyshop? su correo no sirve y no puedo cobrar la tele que gane en el evento
313,"CambiÃ© de telÃ©fono, cÃ³mo hago para recuperar mi cuenta en mi nuevo dispositivo??"
314,ğŸ˜
315,ğŸ¤©ğŸ¤©
316,","
317,","
318,","
319,
320,Wow la necesito ayer ğŸ˜ğŸ˜ğŸ˜ğŸ˜
321,No la van a tener en la hey shop!?
322,"Pienso que, necesitamos alternativas para conseguirla, despuÃ©s del palnorte ğŸ¥¹"
323,Â¿Ya bajaron la tasa del pagarÃ© a 28 dÃ­as?
324,Amooooooooo
325,cuando volveran a surtir la tienda heyshop? su correo no sirve y no puedo cobrar la tele que gane en el evento
326,Se ve padre!
327,No entiendo nada que es el Hospitality???? Donde puedo conseguirla???
328,los numeros se targeta y cvv son visibles?
329,que es estoooooğŸ˜
330,la necesitooooo
331,âœ¨ğŸ–¤ğŸ–¤ğŸ”¥
332,CÃ³mo le hago
333,ğŸ”®âœ¨ğŸ¤©ğŸ¤© estÃ¡ increibleeeee
334,"Osea, que aÃºn que seamos pro no tenemos la misma oportunidad.... Mmmm valdrÃ¡ la pena seguir en hey ğŸ¤”"
335,cuando volveran a surtir la tienda heyshop? su correo no sirve y no puedo cobrar la tele que gane en el evento
336,Osea que ser pro solo me da una tasa del 13 %
337,Mas un invitado o voy a estar yo solo?
338,Si voy como General puedo entrar? Tengo Fan Hey
339,Y dÃ³nde estÃ¡ ubicado eso del hospitality de hhey banco?
340,Una duda si mi nÃ³mina estÃ¡ con hey banco y hago las mÃ¡s de 6 compras al mes por quÃ© en mi estatus no aparece el hey pro?
341,@entreamigasmty
342,Como van a validar que somos clientes? Desde la app?
343,CuÃ¡les serÃ¡n los beneficios X23?
344,Cuales serÃ¡n los beneficios?
345,CuÃ¡les serÃ¡n los beneficios? x2
346,CuÃ¡les son los beneficios x4?
347,Ya me suscribÃ­ para Fan pero no.me a Parecido para participar para el boleto dorado
348,"Ayuda, tengo una semana que hice un reporte y no me han solucionado nada. Necesito usar mi cuenta"
349,Cuales seran los... oohhh ya los vi!!!
350,Cuales serÃ¡n los beneficios x3
351,No he podido abrir la cuenta ğŸ¥¹
352,@charls_coronado sbs
353,@mmarimarti
354,"hey Banco no soluciona nada! Me hicieron robo de identidad y no tienen Ã¡rea legal, no estÃ¡n seguros"
355,AGUASCALIENTES
356,Hagan en el rancho de Saltillo porfa
357,CUANDO EN YUCATAAAAAAN ğŸ¥²
358,"Puras mentirassss,de seguro su personal filtra las ubicaciones a sus allegados y son los Ãºnicos que gananğŸ¥±"
359,Cuando en CancÃºn?
360,"la segunda ubicacion en el obispado que tienes que caminar para arriba si o si y casualmente a los 5 minutos ya lo habÃ­an encontrado, demasiado sospechoso"
361,"Ni jala , la vez pasada la aplicaciÃ³n no servia"
362,Estafaaaaaaa
363,Los horarios por favaaaar
364,@michel_dasali
365,@fsazarret
366,Una pregunta estÃ¡ muy lenta la app de hey no deja ni entrar
367,Y los que ya tenemos aÃ±os siendo clientes? ğŸ˜
368,"No estÃ¡n seguros, me hicieron robo de identidad y abrieron una cuenta sin mi consentimiento y estÃ¡n estafando. No abran su cuenta aquÃ­, no tienen Ã¡rea legal"
369,"CÃ³mo funciona esto? Yo soy Fan y Pro, como serÃ¡ el acceso?"
370,Solo con presentar al app tengo acceso a esos beneficios?
371,manifestando el carro hey ğŸ•¯ï¸ğŸŒŸğŸ•¯ï¸ğŸŒŸğŸ•¯ï¸ğŸŒŸ
372,Gran esfuerzo de tres dÃ­as al ğŸ’¯. Felicidades ! Hey se siente y se ve en todo el festival
373,"Te amo hey banco, por ti saque mi.primera tc de credito"
374,"hola, podrian ayudarme con la dinamica del sabado? capture el boleto de arena mty pero ocurrio un problema y necesito ayuda!"
375,En que Ã¡rea estarÃ¡n?? Aparecen en el mapa?
376,La validaciÃ³n se realizarÃ¡ directamente presentando la App?
377,Quiero Glitter ğŸª©ğŸª©
378,Solo los Hey Pro y Fan Hey podrÃ¡n subir a la terraza?
379,"Alguien me puede decir en que escenario se encontrarÃ¡ el hospitality de hey banco, porfa"
380,@danycm__ ğŸ¥¸ LETS DO IT
381,Y cuÃ¡l serÃ¡ la mecÃ¡nica para accesar @heybanco
382,@vanessa_guillen11 Nos vamos a la terraza Hey
383,@angelica.jacg mira para que chequen hahah
384,Y lo del concurso del perrito hey ?
385,Solo en el Tec wow
386,yo quiero un trabajo de esos
387,Yo quiero ğŸ˜¢
388,Gane con el perrito hey ? ğŸ˜¢
389,Por quÃ© no dicen donde van a estar??
390,El planeta.era saturno nunca le atine jajajajajaja
391,Siempre es en el tec :( y pa nosotros los pobres? ğŸ˜¢
392,En cdmx plixxxğŸ˜ğŸ˜
393,Hagan uno en CDMX ğŸ¥´
394,HÃ¡ganlo en chihuahua mejor por favor
395,Unos en la Cdmx plis
396,No los veo en la universidad emiliano Zapata
397,La chava q gano vendeme el viernes!!!
398,@elmiketorres se intentÃ³
399,Yo quiero uno para cumplirle el sueÃ±o de mi cuÃ±ada ver a Kevin karğŸ˜¢
400,Y donde estÃ¡n???
401,Belanova ğŸ’•
402,Mis respetos a los que no adivinaron Peso Pluma.
403,Belanova es iconiccc ğŸ’“ğŸ‚
404,Â¿QuÃ© relaciÃ³n tiene Kendrick con esos emojis? ğŸ˜‚
405,Yo quiero irrrğŸ˜¢
406,Yo quieroğŸ¥¹ğŸ˜­
407,Mars y ponen a saturno
408,me pude haber ganadooooo
409,Peso pluma
410,yo hubiera ganado.
411,Kendrick lamar jajsjajajsjajaja
412,"Peso pluma,Belanova,30secondstomars @dennisse.espinoza.39"
413,Rifadooooo @mateo.glz
414,"AGUAS, ROBAN IDENTIDAD âš ï¸âš ï¸âš ï¸âš ï¸âš ï¸âš ï¸âš ï¸âš ï¸"
415,"mejor con Calii, ellos sÃ­ entregan en Guadalajara ğŸ¥²"
416,"MalÃ­simo banco, la app y el ""sistema"" no se pone de acuerdo, hay inconsistencias en los saldos y lo Ãºnico que generan son clientes inconformes."
417,"Por quÃ© tiempo seguirÃ¡ esa tasa?
Gracias"
418,Para quÃ© sirve tener seguro de 3.2M si los rendimientos solo se dan hasta 100k ğŸ¤£
419,El #perritohey quiere escuchar Silver Tongues - Louis Tomlinson @marr.ixs
420,El #PerritoHey quiere escuchar cada que de Belanova @elsatoledo8 ğŸ¥° sigue las cuentas
421,El perrito hey quiere escuchar I miss you de blikn 182 con mi preciosa mujer @jazmiineerdz
422,Humble - Kendrick Lamar @maigelmo
423,El #PerritoHey quiere escuchar patadas de ahogado de humbe y latÃ­n mafia ğŸ˜”ğŸ’— @karla_mena
424,Vuelve - Danny Ocean @nestor_magos
425,Perrito Hey quiere ir a escuchar Oye mi Amor - Mana y quiere llevar a @jasycharles
426,@uriw00 el perrito quiere escuchar me va a costar de Kevin Kaarl
427,El #PerritoHey quiere escuchar AMOR DE CINE de Humbe @miri_millaiss13 â¤ï¸
428,El perrito hey quiere escuchar die hard de kendrick Lamar @julyarnaud
429,Humble - Kendrick Lamar @loera.eliza
430,This is war - Thirty Seconds To Mars ğŸ¶ @alysunflowerst
431,Humble - Kendrick Lamar @gc_1908
432,Bye- peso pluma @moreno__jess
433,#perritohey quiere escuchar SOMOS AJENOS DE EJAMBRE @guillermoalonsomc
434,Yo creo que el artista sorpresa serÃ¡ @jose_madero @jenni.mmtz
435,Paulina Rubio @brandy_fav
436,cantaremos la sesiÃ³n vol. 58 con Young Miko en el escenario sorporesaa ğŸ˜ @angelitord_12
437,Ilegales @rjr192000
438,Yo creo que el artista sorpresa serÃ¡ @babasonicos @hammurabi.wav
439,Â¿Acaso serÃ¡ Kings Of Leon? @blaaanquiiii ğŸ˜®
440,"Yo creo que serÃ¡ Belinda, quiero ir con mi mejor amigo @brauherrera ğŸ«¶ğŸ½ğŸ’•"
441,Yo creo que serÃ¡ RosalÃ­a @magallanes.adalicia
442,@arambulmig Mon Laferte
443,"Nicki nicole, tenemos que ganarnolos @mich_cicourel ğŸ‘ğŸ”¥"
444,@yo_soy_emma_palma Yo digo que vendrÃ¡ la reinona Motomami RosalÃ­a en el escenario sorpresa ğŸ’ƒğŸ˜
445,"@santiago__darwin Â¡SerÃ­a genial si 5 Seconds of Summer aparecieran en el escenario sorpresa! ğŸ¶ğŸ‰ ImagÃ­nate disfrutar de su mÃºsica en vivo, cantando y bailando con mi amistad. Â¡SerÃ­a una experiencia inolvidable! ğŸ¤©"
446,@arambulmig Intocable
447,"Creo que @belindapop, quiero ir con mi best friend @bren._bb ğŸ©·ğŸ©·ğŸ©·"
448,QuerÃ©taro ğŸ”¥
449,quiero ir a todaaaas! ğŸ‰ğŸ›ï¸ğŸŒŸ
450,Genial me encantan sus dinÃ¡micas
451,Cuando van a abrir la que estan haciendo en Mundo E???
452,QuerÃ©taro
453,Me encantaaa
454,"Yo creo que ninguna, ya tienes a las 3 mÃ¡s importantes!! ğŸ˜‚ Y soporten!!"
455,No que un banco 100% digital?
456,"Yeah, ojala Puebla sea la siguiente"
457,"Aumenten lÃ­neas de crÃ©dito, siempre pago puntual y ni un peso me han aumentado en mÃ¡s de un aÃ±o de uso"
458,Veracruz
459,"ok pero cuando regrese, ya se cual va a ser mi primera parada!"
460,"Y Â¿en que me beneficia ir a una tienda fÃ­sica a mi como cuenta habiente de ustedes, cuando yo busco@un banco 100% digital?"
461,Puebla ğŸ™Œ
462,ğŸ˜ğŸ˜ğŸ˜
463,En Tampico no servÃ­a nada pura estafa con ustedes
464,Yo ganÃ© una televisiÃ³n en Tampico y ni siquiera hay stock :(
465,ğŸ¤©ğŸ¤©
466,Ni pusieron todos los boletos! En el 4 y 5. Nunca dio la opciÃ³n de capturar! Solo te decia que estabas a cierta distancia del boleto pero cuando llegabas decÃ­a que no habÃ­a boletos disponibles.
467,Arre
468,"Puras mentiras >:( fui a todos los lugares aÃºn habiendo boletos disponibles y nunca me diÃ³ la opciÃ³n para capturar, vÃ­ gente ahÃ­ tambiÃ©n y ninguno de los que estuvimos ahÃ­ sacamos el boleto."
469,"Que feos giveaways, no respetan luego ni sus propias reglas, jamÃ¡s vuelvo a participar, el de la piÃ±ata fue la peor organizaciÃ³n, ya veo porque desactivaron los comentarios en la mayorÃ­a de sus fotosğŸ˜¢"
470,Yessss! Yooo quiero unoğŸ™
471,Yeii por fin en Chihuahua
472,Alguien ganÃ³ algo?
473,"@heybanco Â¿Aplica para CD, JuÃ¡rez tambiÃ©n?"
474,@kikemascote
475,@jackiechitica
476,@s._vlez
477,@nazariodavalos ahora sÃ­ quiero ir
478,Ya con boleto â¤
479,Jajaja
480,Se fue para arriba en mi screenshot ğŸ˜”
481,Si pudeeee â¤â¤
482,ğŸ˜‚ğŸ˜‚
483,Cuando estarÃ¡ disponible la tarjeta metÃ¡lica nuevamente?
484,Si se pudo
485,OjalÃ¡ un dÃ­a me den la suerte
486,SÃºper rayado ğŸ˜
487,ğŸ¤šğŸ¦¶muchas graciasğŸ¦¶ğŸ¤š
488,e
489,"Solo eligieron a 9 piÃ±atas, falto 1 y como se puede votar por las mejores :("
490,ğŸ¤©âœ¨ğŸ¤©
491,ğŸ’š
492,ğŸ”¥ğŸ–ï¸ğŸ¨
493,ğŸŒ¹ğŸŒ¹â£ï¸ğŸ’•ğŸ¤
494,âœ¨â™¥ï¸
495,ğŸ’œğŸ˜ğŸ‘½ğŸ–Œï¸ğŸ‘‘ğŸ‘„ğŸªğŸ’œğŸ“ˆğŸ“ŠğŸ”¥
496,ğŸ”¥â¤
497,
498,
499,
500,
501,"Me arrepiento de llevarlo de viaje a conocer la playa por primera vez y que en la playa se la pasarÃ¡ viendo muchachas en bikini y se le iban los ojos , jamas volvÃ­ a regalar en san valentin"
502,"Me arrepiento de haberle comprado una jersy original de tigres , conseguir boletos para el estadio y un balÃ³n y tachones , mÃ¡s aparte que lo consenti y le compre de todo en el estadio. Para ya en la cena que le prepare abriera la galerÃ­a de su telÃ©fono y viera puras fotos de las porristas de tigres , se la paso fotografiando los atributos de ellas. Y no tenÃ­a ninguna foto conmigo ese dÃ­a. Cada que me paraba a ir al baÃ±o o a pagar las bebidas aprovechaba"
503,"Durante una tarde hice una serenata improvisada para @_nadiamar , en la plaza de mi ciudad, comencÃ© a tocar una canciÃ³n de amor, lo que no sabÃ­a, es que estaba prohibido tocar ahÃ­, fui interrumpido por la policÃ­a, pero no les hice caso, asÃ­ que los policÃ­as me arrestaron y a ella segÃºn por alterar la via publica e hicimos 24 horas detenidos por dicha infracciÃ³n, fue una cita sÃºper romÃ¡ntica en la cÃ¡rcel, me arrepiento de no comprar mejor chocolates."
504,@irismendez_88 unoa chocolates que te quitaba pero comprÃ© para ti jaja
505,ComprÃ© boletos para el Vive Latino 2024 porque a mi novio le encanta Paramore. Planee toda una cita de San ValentÃ­n para darle la sorpresa y Paramore anunciÃ³ en enero que cancelaba su participaciÃ³n en el Vive. Ahora tengo dos boletos y la sorpresa @jorgeecv es que me endeudÃ© por nada ğŸ¤¡. Â¡Sorpresaaaa amor!
506,"Mi peor gasto de san ValentÃ­n, fueâ€¦ El sabÃ­a que tenÃ­a dinero ahorrado porque recientemente me habÃ­an dado mi aguinaldo y me dijo que iba comprar unos vuelos para irnos de viaje en san ValentÃ­n, pero que en 15 dÃ­as le iba caer una bussine y me los iba a a pagar. Cuando llegÃ³ el dÃ­a de irnos de viaje (CancÃºn), me bloqueÃ³ de todos lados y supe que se fue con una chava de allÃ¡ y que tenÃ­a dos meses de embarazo.
P.D. Hasta la fecha no me ha pagado el dinero ğŸ¤¡ @melyssainf_g"
507,"@maribanez97 la verdad es que no me arrepiento de nada, todo lo que se da, lo doy con el corazÃ³n!!!ğŸ«¶"
508,"Hace mas de 10 aÃ±os tuve una novia y le comprÃ© celular, lap top,arregle su carro entre otras cosas. Resulta que trabaja en un centro nocturno para caballeros lo cual yo estaba conciente, pero el problema es que me estuvo sacando dinero y era casada. Tenia segun 2 sobrinas que al final resultaron ser sus hijas, esto me durÃ³ casi 1 aÃ±o. FuÃ­ muy ""menso"" gracias a Dios la verdad siempre sale a la luz @fr.dl00"
509,"Un viaje sorpresa a un destino que no le gustÃ³ para nada, yo lo habÃ­a organizado con toda la felicidad y el amor del mundo y pues cuando se enterÃ³ a donde era puesâ€¦ se acabÃ³ la felicidad @manuellguzzman"
510,"En un 14 yo comprÃ© una sesiÃ³n de spa muy cool para mi ex y yo, y Ã©l estaba como si no fuera 14, entonces tocaron la puerta, pensÃ© que era un repartidor de ğŸ’ (en los wenos tiempos me mandaba) dije Â¡oh si me mando algo! ğŸ¥º me sÃºper emocionÃ©, abro... y es el del INEGI :v JAJAJA me quedÃ© modo tieso..
Etiqueto a mi mejor amiga porque a ella le contÃ© en ese momento y se estaba cagan** de la risa jajajaja
AsÃ­ que un gasto del que me arrepiento fue haber comprado ese spa ğŸ¤¡ @ismali_xz"
511,"Yo claro que me acuerdo de un regalo de San ValentÃ­n del cual me arrepiento, fue hace como 4 aÃ±os, mi ex me habÃ­a pedido como regalo de San ValentÃ­n una operaciÃ³n estÃ©tica de aumento de busto. Como creo a todos nos a pasado en su debido momento, cuando uno estÃ¡ enamorado es capaz de hacer todo por su pareja, asi que efectivamente le regalÃ© la operaciÃ³n (40000 pesos a meses ğŸ˜³) En ese momento yo feliz de haberle dado el detalle, se veÃ­a hermosa y ella sÃºper feliz obviamente, para no hacer el cuento largo, resulta que meses antes se estaba viendo con otro hombre y ese otro le dijo que le gustaban las chicas con busto grande y que si querÃ­a seguir con el se tenÃ­a que operar, y adivinen pues quiÃ©n pagÃ³ ese capricho! Me enterÃ© por el hermano de ella que me llevaba muy bien con el. Tratamos de hablar las cosas pero al final el daÃ±o estaba hecho y mi corazÃ³n terminÃ³ destrozado, ese dÃ­a algo cambiÃ³ dentro de Lotso ğŸ˜”ğŸ’” @heybanco @ver0_photo_v"
512,ninguno si es para @ivonne_tzz ğŸ¥°ğŸ¥°ğŸ¥°
513,"No sabia que regalarle a mi novio el dÃ­a de
san Valentin. Como no es comÃºn que una
mujer le lleve serenata a un hombre, pense
en llevarle serenata con mariachi. Llegue a su casa, el mariachi toco 10 canciones y Ã©l nunca saliÃ³. Quede: ğŸ¤¡ğŸ¤¡ğŸ¤¡ğŸ¤¡ğŸ¤¡
@rjorgegzz"
514,"InvitÃ© a mi esposa @karenkalixiouz a una cena romÃ¡ntica en el acuario, por las fotos y los arreglos parecÃ­a una excelente idea (al menos en mi cabeza ğŸ˜‚), pero cuando llegamos y nos dispusimos a cenar, el olor a fish ğŸ  le quitÃ³ todo el encanto y ni las copas de vino nos hicieron ignorar ese aroma, me arrepiento de esa velada."
515,Dios es grande
516,No mmssss!!!! SÃºper si
517,If you knowâ€¦ you know !! â˜ºï¸â¤ï¸
518,ğŸ”¥ğŸ¶âœ¨ï¸
519,Que finura ğŸ˜ğŸ”¥ğŸ™Œ me urge!!!
520,"Estuvo mejorcito el del aÃ±o pasado, pero nada mal"
521,"Alguien que me ayude , el aÃ±o pasado vendieron boleto para el estacionamiento, pero este aÃ±o no veo nada."
522,@liamfitzgerald.mx was so happy to see you on this lineup!
523,@soyairam_marron
524,Amos a este jalas? @xaviersor
525,ğŸ‘ğŸ”¥ @sofitukker
526,@roseburgos11 ğŸ˜±ğŸ˜±ğŸ˜±
527,@terry.piceno serÃ¡ prudente ir?ğŸ˜
528,@rick7vargas ğŸ¤¯
529,@karen_s4d
530,Oleeeeee se ve increÃ­ble. Que buen proyecto ğŸ˜„
531,ğŸ‘ğŸ‘ğŸ‘ğŸ‘
532,ğŸ”¥ğŸ”¥ğŸ”¥
533,ğŸ™ŒğŸ™ŒğŸ™Œ
534,Monstruosamente maravillosaaaaaaaağŸ”¥
535,ğŸ‘ğŸ‘ğŸ‘
536,â¤â¤â¤
537,ğŸ«¶ğŸ¼ğŸ«¶ğŸ¼
538,ğŸŒ·âœ¨ğŸŒ·âœ¨
539,ğŸ˜ğŸ˜ğŸ˜ğŸ˜
540,ğŸŒšğŸ«¶ğŸ½
541,ğŸ”¥ğŸ”¥ğŸ”¥
542,No inventes @barreto.cecilia que gusto y que emociÃ³n ver lo lejos que haz llegado ğŸ‘ Felicidades y muchos Ã©xitos mÃ¡s â˜ºï¸
543,QuÃ© buen trabajo siempre @barreto.cecilia !!!
544,Eres increÃ­ble @barreto.cecilia ğŸ’šğŸ§¡ğŸ’œğŸ’™ğŸ©·ğŸ’› y te mereces este y todos los espacios por tu dedicaciÃ³n y tu amor a tu arte. Fan por siempre de tus colores y tus experimentos. Y btw: Ã©pico vestido jaja ğŸ’ƒğŸ½â¤ï¸â€ğŸ”¥
545,Vancouver!! ğŸ¤©ğŸ‡¨ğŸ‡¦
546,Australia!! ğŸ˜®
547,Tokio ğŸ‡¯ğŸ‡µâœ¨ğŸ˜˜
548,Asia ğŸ”¥ Europe ğŸ™Œ
549,Mykonos si dios y el monedero lo permiten
550,ğŸ‡¯ğŸ‡µ esto si es una seÃ±al ğŸ˜
551,Amen â¤ï¸
552,CanadÃ¡ â¤ï¸
553,Londres Inglaterra ğŸ˜ğŸ‘ğŸ»
554,Tokio JapÃ³n ğŸ‘ğŸ‘ğŸ‘Excelente
555,Merida â¤ï¸
556,"@angiiie3, Mykonos, Grecia. A ti?? ğŸ˜‹"
557,Austria @vianney_cl
558,Venecia Italia @vdavipe serÃ¡ una seÃ±al?
559,"Â¡Son los mÃ¡s cool, 2024 es el mejor aÃ±o para HEY! Toda mi admiraciÃ³n para ustedes ğŸ«¶ğŸ¼"
560,que aÃ±ooooo!!! ğŸ«¶ğŸ¼ğŸ«¶ğŸ¼
561,Y se viene buenÃ­simo 2024 ğŸ˜âœ¨
562,â¤ï¸â¤ï¸â¤ï¸
563,ğŸ”¥ğŸ”¥ğŸ”¥
564,"Se me andaban cayendo pero supieron levantarse y mÃ¡s alto, mejor banco actual en MÃ©xico."
565,ğŸ˜ğŸ˜ğŸ˜
566,ğŸ˜­ğŸ˜­ğŸ˜­â¤ï¸
567,ğŸ˜ğŸ˜ğŸ˜
568,â¤ï¸â¤ï¸
569,Ah que buen videoğŸ¥¹ğŸ«¶ğŸ»
570,Lista para el 24â€™ğŸ”¥
571,Gran toma inicial !!!
572,BuenÃ­simo y listÃ­simo para el 2024 â¤ï¸
573,Que regrese @hanniapadillal
574,mi sueÃ±o es que se dejen de mamadas de membresÃ­as y vuelvan a ser el banco que eran ğŸ¤ğŸ»âœ¨
575,Suerte a todosâœ¨ï¸âœ¨ï¸âœ¨ï¸
576,Bien chidote padrino
577,Hacer el camino de Santiago ğŸ’– @anacbaez @angiecbaez
578,Mi sueÃ±o es liquidar mis deudas para vivir en paz ğŸ¤ğŸ»@alaan.muniz @samucarr6 ğŸ‘ŒğŸ»
579,Mi sueÃ±o es poder comprarme un carro porque es muy difÃ­cil moverme con mis dos bebes @g.chaapa @rodoraz
580,Empezar el aÃ±o mÃ¡s feliz y creyendo que todo saldrÃ¡ bien ğŸ¤ğŸ» @menisz @hachecuadrada
581,Mi sueÃ±o es poder invertir mÃ¡s en mi negocio @yuruluthings y en el negocio que estoy iniciando con mi hermana @cumulo_velas.@martellyessica @dantegarciapozos
582,@meztli93 mi sueÃ±o es poder ayudar con gastos a mis padres @miglamas @aleinadztg
583,Mi sueÃ±o es iniciar un nuevo emprendimiento ğŸ«°ğŸ»âœ¨ @ddaffnee @liz.f.nieto
584,Mi sueÃ±o de aÃ±o nuevo es viajar con @aleluya_camacho y @camachojhones ğŸ”¥
585,Mi sueÃ±o es viajar con mis amigas ğŸ˜‚ğŸ˜‚ @melstza @leonela_gonzaleez
586,Mi sueÃ±o es viajar mucho este 2024! âœ¨ @ramonrodmusic
587,Mi sueÃ±o es viajar con @mactropicanita y @mayte_c22 â¤ï¸
588,Mi sueÃ±o es tener mi carrito! @sebastian_grana2 @kimysuarezv
589,Jaaa
